Workbook

Sheet Raw_Data
A1: CustomerID | B1: Age | C1: Gender | D1: Country | E1: Income | F1: ProductQuality | G1: ServiceQuality | H1: PurchaseFrequency | I1: FeedbackScore | J1: LoyaltyLevel | K1: SatisfactionScore
A2: 1 | B2: 56 | C2: Male | D2: UK | E2: 83094 | F2: 5 | G2: 8 | H2: 5 | I2: Low | J2: Bronze | K2: 100
A3: 2 | B3: 69 | C3: Male | D3: UK | E3: 86860 | F3: 10 | G3: 2 | H3: 8 | I3: Medium | J3: Gold | K3: 100
A4: 3 | B4: 46 | C4: Female | D4: USA | E4: 60173 | F4: 8 | G4: 10 | H4: 18 | I4: Medium | J4: Silver | K4: 100
A5: 4 | B5: 32 | C5: Female | D5: UK | E5: 73884 | F5: 7 | G5: 10 | H5: 16 | I5: Low | J5: Gold | K5: 100
A6: 5 | B6: 60 | C6: Male | D6: UK | E6: 97546 | F6: 6 | G6: 4 | H6: 13 | I6: Low | J6: Bronze | K6: 82
A7: 6 | B7: 25 | C7: Male | D7: France | E7: 49364 | F7: 5 | G7: 7 | H7: 19 | I7: High | J7: Silver | K7: 80.71
A8: 7 | B8: 38 | C8: Female | D8: Germany | E8: 39716 | F8: 10 | G8: 6 | H8: 11 | I8: High | J8: Silver | K8: 100
A9: 8 | B9: 56 | C9: Female | D9: Germany | E9: 45305 | F9: 10 | G9: 10 | H9: 10 | I9: Medium | J9: Gold | K9: 100
A10: 9 | B10: 36 | C10: Male | D10: France | E10: 98001 | F10: 10 | G10: 2 | H10: 12 | I10: High | J10: Bronze | K10: 100
A11: 10 | B11: 40 | C11: Female | D11: UK | E11: 85307 | F11: 6 | G11: 4 | H11: 20 | I11: High | J11: Gold | K11: 86.48
A12: 11 | B12: 28 | C12: Female | D12: Canada | E12: 46732 | F12: 9 | G12: 3 | H12: 3 | I12: High | J12: Gold | K12: 94.6
A13: 12 | B13: 28 | C13: Female | D13: France | E13: 38742 | F13: 8 | G13: 6 | H13: 13 | I13: Medium | J13: Silver | K13: 81.85
... A501: 500 | B501: 18 | C501: Female | D501: Germany | E501: 94694 | F501: 9 | G501: 8 | H501: 14 | I501: High | J501: Bronze | K501: 100

Sheet Cleaned_Data
A1: CLEANED DATA — Customer Feedback & Satisfaction Dashboard
A2: CustomerID | B2: Age | C2: Gender | D2: Country | E2: Income | F2: ProductQuality | G2: ServiceQuality | H2: PurchaseFrequency | I2: FeedbackScore | J2: LoyaltyLevel | K2: SatisfactionScore | L2: Age_Group | M2: Income_Band | N2: Product_Quality_Level | O2: Service_Quality_Level | P2: Purchase_Freq_Band | Q2: Satisfaction_Status | R2: Loyalty_Tier_Clean | S2: Feedback_Sentiment | T2: Customer_Value_Segment | U2: Quality_Exp_Flag | V2: Repeat_Purchase_Flag | W2: At_Risk_Flag | X2: Priority_Followup_Flag
A3: 1 | B3: 56 | C3: Male | D3: UK | E3: 83094 | F3: 5 | G3: 8 | H3: 5 | I3: Low | J3: Bronze | K3: 100 | L3: =IF(B3<25,"Gen Z",IF(B3<40,"Millennial",IF(B3<55,"Gen X","Baby Boomer"))) -> Baby Boomer | M3: =IF(E3<50000,"Low Income",IF(E3<80000,"Middle Income",IF(E3<100000,"Upper Middle","High Income"))) -> Upper Middle | N3: =IF(F3<=3,"Poor",IF(F3<=6,"Average",IF(F3<=8,"Good","Excellent"))) -> Average | O3: =IF(G3<=3,"Poor",IF(G3<=6,"Average",IF(G3<=8,"Good","Excellent"))) -> Good | P3: =IF(H3<=5,"Low Frequency",IF(H3<=10,"Moderate",IF(H3<=15,"High","Very High"))) -> Low Frequency | Q3: =IF(K3>=90,"Highly Satisfied",IF(K3>=75,"Satisfied",IF(K3>=60,"Neutral","Dissatisfied"))) -> Highly Satisfied | R3: =UPPER(LEFT(TRIM(J3),1))&LOWER(MID(TRIM(J3),2,100)) -> Bronze | S3: =IF(I3="High","Positive",IF(I3="Medium","Neutral","Negative")) -> Negative | T3: =IF(AND(E3>=80000,H3>=15),"Premium",IF(AND(E3>=50000,H3>=10),"Standard","Basic")) -> Basic | U3: =IF(AND(F3>=7,G3>=7),"High Quality Experience","Review Needed") -> Review Needed | V3: =IF(H3>=10,"Repeat Buyer","Occasional Buyer") -> Occasional Buyer | W3: =IF(AND(K3<70,I3="Low"),"At Risk","Stable") -> Stable | X3: =IF(AND(K3<75,I3="Low",J3="Bronze"),"Priority Followup","No Action") -> No Action
A4: 2 | B4: 69 | C4: Male | D4: UK | E4: 86860 | F4: 10 | G4: 2 | H4: 8 | I4: Medium | J4: Gold | K4: 100 | L4: =IF(B4<25,"Gen Z",IF(B4<40,"Millennial",IF(B4<55,"Gen X","Baby Boomer"))) -> Baby Boomer | M4: =IF(E4<50000,"Low Income",IF(E4<80000,"Middle Income",IF(E4<100000,"Upper Middle","High Income"))) -> Upper Middle | N4: =IF(F4<=3,"Poor",IF(F4<=6,"Average",IF(F4<=8,"Good","Excellent"))) -> Excellent | O4: =IF(G4<=3,"Poor",IF(G4<=6,"Average",IF(G4<=8,"Good","Excellent"))) -> Poor | P4: =IF(H4<=5,"Low Frequency",IF(H4<=10,"Moderate",IF(H4<=15,"High","Very High"))) -> Moderate | Q4: =IF(K4>=90,"Highly Satisfied",IF(K4>=75,"Satisfied",IF(K4>=60,"Neutral","Dissatisfied"))) -> Highly Satisfied | R4: =UPPER(LEFT(TRIM(J4),1))&LOWER(MID(TRIM(J4),2,100)) -> Gold | S4: =IF(I4="High","Positive",IF(I4="Medium","Neutral","Negative")) -> Neutral | T4: =IF(AND(E4>=80000,H4>=15),"Premium",IF(AND(E4>=50000,H4>=10),"Standard","Basic")) -> Basic | U4: =IF(AND(F4>=7,G4>=7),"High Quality Experience","Review Needed") -> Review Needed | V4: =IF(H4>=10,"Repeat Buyer","Occasional Buyer") -> Occasional Buyer | W4: =IF(AND(K4<70,I4="Low"),"At Risk","Stable") -> Stable | X4: =IF(AND(K4<75,I4="Low",J4="Bronze"),"Priority Followup","No Action") -> No Action
A5: 3 | B5: 46 | C5: Female | D5: USA | E5: 60173 | F5: 8 | G5: 10 | H5: 18 | I5: Medium | J5: Silver | K5: 100 | L5: =IF(B5<25,"Gen Z",IF(B5<40,"Millennial",IF(B5<55,"Gen X","Baby Boomer"))) -> Gen X | M5: =IF(E5<50000,"Low Income",IF(E5<80000,"Middle Income",IF(E5<100000,"Upper Middle","High Income"))) -> Middle Income | N5: =IF(F5<=3,"Poor",IF(F5<=6,"Average",IF(F5<=8,"Good","Excellent"))) -> Good | O5: =IF(G5<=3,"Poor",IF(G5<=6,"Average",IF(G5<=8,"Good","Excellent"))) -> Excellent | P5: =IF(H5<=5,"Low Frequency",IF(H5<=10,"Moderate",IF(H5<=15,"High","Very High"))) -> Very High | Q5: =IF(K5>=90,"Highly Satisfied",IF(K5>=75,"Satisfied",IF(K5>=60,"Neutral","Dissatisfied"))) -> Highly Satisfied | R5: =UPPER(LEFT(TRIM(J5),1))&LOWER(MID(TRIM(J5),2,100)) -> Silver | S5: =IF(I5="High","Positive",IF(I5="Medium","Neutral","Negative")) -> Neutral | T5: =IF(AND(E5>=80000,H5>=15),"Premium",IF(AND(E5>=50000,H5>=10),"Standard","Basic")) -> Standard | U5: =IF(AND(F5>=7,G5>=7),"High Quality Experience","Review Needed") -> High Quality Experience | V5: =IF(H5>=10,"Repeat Buyer","Occasional Buyer") -> Repeat Buyer | W5: =IF(AND(K5<70,I5="Low"),"At Risk","Stable") -> Stable | X5: =IF(AND(K5<75,I5="Low",J5="Bronze"),"Priority Followup","No Action") -> No Action
A6: 4 | B6: 32 | C6: Female | D6: UK | E6: 73884 | F6: 7 | G6: 10 | H6: 16 | I6: Low | J6: Gold | K6: 100 | L6: =IF(B6<25,"Gen Z",IF(B6<40,"Millennial",IF(B6<55,"Gen X","Baby Boomer"))) -> Millennial | M6: =IF(E6<50000,"Low Income",IF(E6<80000,"Middle Income",IF(E6<100000,"Upper Middle","High Income"))) -> Middle Income | N6: =IF(F6<=3,"Poor",IF(F6<=6,"Average",IF(F6<=8,"Good","Excellent"))) -> Good | O6: =IF(G6<=3,"Poor",IF(G6<=6,"Average",IF(G6<=8,"Good","Excellent"))) -> Excellent | P6: =IF(H6<=5,"Low Frequency",IF(H6<=10,"Moderate",IF(H6<=15,"High","Very High"))) -> Very High | Q6: =IF(K6>=90,"Highly Satisfied",IF(K6>=75,"Satisfied",IF(K6>=60,"Neutral","Dissatisfied"))) -> Highly Satisfied | R6: =UPPER(LEFT(TRIM(J6),1))&LOWER(MID(TRIM(J6),2,100)) -> Gold | S6: =IF(I6="High","Positive",IF(I6="Medium","Neutral","Negative")) -> Negative | T6: =IF(AND(E6>=80000,H6>=15),"Premium",IF(AND(E6>=50000,H6>=10),"Standard","Basic")) -> Standard | U6: =IF(AND(F6>=7,G6>=7),"High Quality Experience","Review Needed") -> High Quality Experience | V6: =IF(H6>=10,"Repeat Buyer","Occasional Buyer") -> Repeat Buyer | W6: =IF(AND(K6<70,I6="Low"),"At Risk","Stable") -> Stable | X6: =IF(AND(K6<75,I6="Low",J6="Bronze"),"Priority Followup","No Action") -> No Action
A7: 5 | B7: 60 | C7: Male | D7: UK | E7: 97546 | F7: 6 | G7: 4 | H7: 13 | I7: Low | J7: Bronze | K7: 82 | L7: =IF(B7<25,"Gen Z",IF(B7<40,"Millennial",IF(B7<55,"Gen X","Baby Boomer"))) -> Baby Boomer | M7: =IF(E7<50000,"Low Income",IF(E7<80000,"Middle Income",IF(E7<100000,"Upper Middle","High Income"))) -> Upper Middle | N7: =IF(F7<=3,"Poor",IF(F7<=6,"Average",IF(F7<=8,"Good","Excellent"))) -> Average | O7: =IF(G7<=3,"Poor",IF(G7<=6,"Average",IF(G7<=8,"Good","Excellent"))) -> Average | P7: =IF(H7<=5,"Low Frequency",IF(H7<=10,"Moderate",IF(H7<=15,"High","Very High"))) -> High | Q7: =IF(K7>=90,"Highly Satisfied",IF(K7>=75,"Satisfied",IF(K7>=60,"Neutral","Dissatisfied"))) -> Satisfied | R7: =UPPER(LEFT(TRIM(J7),1))&LOWER(MID(TRIM(J7),2,100)) -> Bronze | S7: =IF(I7="High","Positive",IF(I7="Medium","Neutral","Negative")) -> Negative | T7: =IF(AND(E7>=80000,H7>=15),"Premium",IF(AND(E7>=50000,H7>=10),"Standard","Basic")) -> Standard | U7: =IF(AND(F7>=7,G7>=7),"High Quality Experience","Review Needed") -> Review Needed | V7: =IF(H7>=10,"Repeat Buyer","Occasional Buyer") -> Repeat Buyer | W7: =IF(AND(K7<70,I7="Low"),"At Risk","Stable") -> Stable | X7: =IF(AND(K7<75,I7="Low",J7="Bronze"),"Priority Followup","No Action") -> No Action
A8: 6 | B8: 25 | C8: Male | D8: France | E8: 49364 | F8: 5 | G8: 7 | H8: 19 | I8: High | J8: Silver | K8: 80.71 | L8: =IF(B8<25,"Gen Z",IF(B8<40,"Millennial",IF(B8<55,"Gen X","Baby Boomer"))) -> Millennial | M8: =IF(E8<50000,"Low Income",IF(E8<80000,"Middle Income",IF(E8<100000,"Upper Middle","High Income"))) -> Low Income | N8: =IF(F8<=3,"Poor",IF(F8<=6,"Average",IF(F8<=8,"Good","Excellent"))) -> Average | O8: =IF(G8<=3,"Poor",IF(G8<=6,"Average",IF(G8<=8,"Good","Excellent"))) -> Good | P8: =IF(H8<=5,"Low Frequency",IF(H8<=10,"Moderate",IF(H8<=15,"High","Very High"))) -> Very High | Q8: =IF(K8>=90,"Highly Satisfied",IF(K8>=75,"Satisfied",IF(K8>=60,"Neutral","Dissatisfied"))) -> Satisfied | R8: =UPPER(LEFT(TRIM(J8),1))&LOWER(MID(TRIM(J8),2,100)) -> Silver | S8: =IF(I8="High","Positive",IF(I8="Medium","Neutral","Negative")) -> Positive | T8: =IF(AND(E8>=80000,H8>=15),"Premium",IF(AND(E8>=50000,H8>=10),"Standard","Basic")) -> Basic | U8: =IF(AND(F8>=7,G8>=7),"High Quality Experience","Review Needed") -> Review Needed | V8: =IF(H8>=10,"Repeat Buyer","Occasional Buyer") -> Repeat Buyer | W8: =IF(AND(K8<70,I8="Low"),"At Risk","Stable") -> Stable | X8: =IF(AND(K8<75,I8="Low",J8="Bronze"),"Priority Followup","No Action") -> No Action
A9: 7 | B9: 38 | C9: Female | D9: Germany | E9: 39716 | F9: 10 | G9: 6 | H9: 11 | I9: High | J9: Silver | K9: 100 | L9: =IF(B9<25,"Gen Z",IF(B9<40,"Millennial",IF(B9<55,"Gen X","Baby Boomer"))) -> Millennial | M9: =IF(E9<50000,"Low Income",IF(E9<80000,"Middle Income",IF(E9<100000,"Upper Middle","High Income"))) -> Low Income | N9: =IF(F9<=3,"Poor",IF(F9<=6,"Average",IF(F9<=8,"Good","Excellent"))) -> Excellent | O9: =IF(G9<=3,"Poor",IF(G9<=6,"Average",IF(G9<=8,"Good","Excellent"))) -> Average | P9: =IF(H9<=5,"Low Frequency",IF(H9<=10,"Moderate",IF(H9<=15,"High","Very High"))) -> High | Q9: =IF(K9>=90,"Highly Satisfied",IF(K9>=75,"Satisfied",IF(K9>=60,"Neutral","Dissatisfied"))) -> Highly Satisfied | R9: =UPPER(LEFT(TRIM(J9),1))&LOWER(MID(TRIM(J9),2,100)) -> Silver | S9: =IF(I9="High","Positive",IF(I9="Medium","Neutral","Negative")) -> Positive | T9: =IF(AND(E9>=80000,H9>=15),"Premium",IF(AND(E9>=50000,H9>=10),"Standard","Basic")) -> Basic | U9: =IF(AND(F9>=7,G9>=7),"High Quality Experience","Review Needed") -> Review Needed | V9: =IF(H9>=10,"Repeat Buyer","Occasional Buyer") -> Repeat Buyer | W9: =IF(AND(K9<70,I9="Low"),"At Risk","Stable") -> Stable | X9: =IF(AND(K9<75,I9="Low",J9="Bronze"),"Priority Followup","No Action") -> No Action
A10: 8 | B10: 56 | C10: Female | D10: Germany | E10: 45305 | F10: 10 | G10: 10 | H10: 10 | I10: Medium | J10: Gold | K10: 100 | L10: =IF(B10<25,"Gen Z",IF(B10<40,"Millennial",IF(B10<55,"Gen X","Baby Boomer"))) -> Baby Boomer | M10: =IF(E10<50000,"Low Income",IF(E10<80000,"Middle Income",IF(E10<100000,"Upper Middle","High Income"))) -> Low Income | N10: =IF(F10<=3,"Poor",IF(F10<=6,"Average",IF(F10<=8,"Good","Excellent"))) -> Excellent | O10: =IF(G10<=3,"Poor",IF(G10<=6,"Average",IF(G10<=8,"Good","Excellent"))) -> Excellent | P10: =IF(H10<=5,"Low Frequency",IF(H10<=10,"Moderate",IF(H10<=15,"High","Very High"))) -> Moderate | Q10: =IF(K10>=90,"Highly Satisfied",IF(K10>=75,"Satisfied",IF(K10>=60,"Neutral","Dissatisfied"))) -> Highly Satisfied | R10: =UPPER(LEFT(TRIM(J10),1))&LOWER(MID(TRIM(J10),2,100)) -> Gold | S10: =IF(I10="High","Positive",IF(I10="Medium","Neutral","Negative")) -> Neutral | T10: =IF(AND(E10>=80000,H10>=15),"Premium",IF(AND(E10>=50000,H10>=10),"Standard","Basic")) -> Basic | U10: =IF(AND(F10>=7,G10>=7),"High Quality Experience","Review Needed") -> High Quality Experience | V10: =IF(H10>=10,"Repeat Buyer","Occasional Buyer") -> Repeat Buyer | W10: =IF(AND(K10<70,I10="Low"),"At Risk","Stable") -> Stable | X10: =IF(AND(K10<75,I10="Low",J10="Bronze"),"Priority Followup","No Action") -> No Action
A11: 9 | B11: 36 | C11: Male | D11: France | E11: 98001 | F11: 10 | G11: 2 | H11: 12 | I11: High | J11: Bronze | K11: 100 | L11: =IF(B11<25,"Gen Z",IF(B11<40,"Millennial",IF(B11<55,"Gen X","Baby Boomer"))) -> Millennial | M11: =IF(E11<50000,"Low Income",IF(E11<80000,"Middle Income",IF(E11<100000,"Upper Middle","High Income"))) -> Upper Middle | N11: =IF(F11<=3,"Poor",IF(F11<=6,"Average",IF(F11<=8,"Good","Excellent"))) -> Excellent | O11: =IF(G11<=3,"Poor",IF(G11<=6,"Average",IF(G11<=8,"Good","Excellent"))) -> Poor | P11: =IF(H11<=5,"Low Frequency",IF(H11<=10,"Moderate",IF(H11<=15,"High","Very High"))) -> High | Q11: =IF(K11>=90,"Highly Satisfied",IF(K11>=75,"Satisfied",IF(K11>=60,"Neutral","Dissatisfied"))) -> Highly Satisfied | R11: =UPPER(LEFT(TRIM(J11),1))&LOWER(MID(TRIM(J11),2,100)) -> Bronze | S11: =IF(I11="High","Positive",IF(I11="Medium","Neutral","Negative")) -> Positive | T11: =IF(AND(E11>=80000,H11>=15),"Premium",IF(AND(E11>=50000,H11>=10),"Standard","Basic")) -> Standard | U11: =IF(AND(F11>=7,G11>=7),"High Quality Experience","Review Needed") -> Review Needed | V11: =IF(H11>=10,"Repeat Buyer","Occasional Buyer") -> Repeat Buyer | W11: =IF(AND(K11<70,I11="Low"),"At Risk","Stable") -> Stable | X11: =IF(AND(K11<75,I11="Low",J11="Bronze"),"Priority Followup","No Action") -> No Action
A12: 10 | B12: 40 | C12: Female | D12: UK | E12: 85307 | F12: 6 | G12: 4 | H12: 20 | I12: High | J12: Gold | K12: 86.48 | L12: =IF(B12<25,"Gen Z",IF(B12<40,"Millennial",IF(B12<55,"Gen X","Baby Boomer"))) -> Gen X | M12: =IF(E12<50000,"Low Income",IF(E12<80000,"Middle Income",IF(E12<100000,"Upper Middle","High Income"))) -> Upper Middle | N12: =IF(F12<=3,"Poor",IF(F12<=6,"Average",IF(F12<=8,"Good","Excellent"))) -> Average | O12: =IF(G12<=3,"Poor",IF(G12<=6,"Average",IF(G12<=8,"Good","Excellent"))) -> Average | P12: =IF(H12<=5,"Low Frequency",IF(H12<=10,"Moderate",IF(H12<=15,"High","Very High"))) -> Very High | Q12: =IF(K12>=90,"Highly Satisfied",IF(K12>=75,"Satisfied",IF(K12>=60,"Neutral","Dissatisfied"))) -> Satisfied | R12: =UPPER(LEFT(TRIM(J12),1))&LOWER(MID(TRIM(J12),2,100)) -> Gold | S12: =IF(I12="High","Positive",IF(I12="Medium","Neutral","Negative")) -> Positive | T12: =IF(AND(E12>=80000,H12>=15),"Premium",IF(AND(E12>=50000,H12>=10),"Standard","Basic")) -> Premium | U12: =IF(AND(F12>=7,G12>=7),"High Quality Experience","Review Needed") -> Review Needed | V12: =IF(H12>=10,"Repeat Buyer","Occasional Buyer") -> Repeat Buyer | W12: =IF(AND(K12<70,I12="Low"),"At Risk","Stable") -> Stable | X12: =IF(AND(K12<75,I12="Low",J12="Bronze"),"Priority Followup","No Action") -> No Action
A13: 11 | B13: 28 | C13: Female | D13: Canada | E13: 46732 | F13: 9 | G13: 3 | H13: 3 | I13: High | J13: Gold | K13: 94.6 | L13: =IF(B13<25,"Gen Z",IF(B13<40,"Millennial",IF(B13<55,"Gen X","Baby Boomer"))) -> Millennial | M13: =IF(E13<50000,"Low Income",IF(E13<80000,"Middle Income",IF(E13<100000,"Upper Middle","High Income"))) -> Low Income | N13: =IF(F13<=3,"Poor",IF(F13<=6,"Average",IF(F13<=8,"Good","Excellent"))) -> Excellent | O13: =IF(G13<=3,"Poor",IF(G13<=6,"Average",IF(G13<=8,"Good","Excellent"))) -> Poor | P13: =IF(H13<=5,"Low Frequency",IF(H13<=10,"Moderate",IF(H13<=15,"High","Very High"))) -> Low Frequency | Q13: =IF(K13>=90,"Highly Satisfied",IF(K13>=75,"Satisfied",IF(K13>=60,"Neutral","Dissatisfied"))) -> Highly Satisfied | R13: =UPPER(LEFT(TRIM(J13),1))&LOWER(MID(TRIM(J13),2,100)) -> Gold | S13: =IF(I13="High","Positive",IF(I13="Medium","Neutral","Negative")) -> Positive | T13: =IF(AND(E13>=80000,H13>=15),"Premium",IF(AND(E13>=50000,H13>=10),"Standard","Basic")) -> Basic | U13: =IF(AND(F13>=7,G13>=7),"High Quality Experience","Review Needed") -> Review Needed | V13: =IF(H13>=10,"Repeat Buyer","Occasional Buyer") -> Occasional Buyer | W13: =IF(AND(K13<70,I13="Low"),"At Risk","Stable") -> Stable | X13: =IF(AND(K13<75,I13="Low",J13="Bronze"),"Priority Followup","No Action") -> No Action
A14: 12 | B14: 28 | C14: Female | D14: France | E14: 38742 | F14: 8 | G14: 6 | H14: 13 | I14: Medium | J14: Silver | K14: 81.85 | L14: =IF(B14<25,"Gen Z",IF(B14<40,"Millennial",IF(B14<55,"Gen X","Baby Boomer"))) -> Millennial | M14: =IF(E14<50000,"Low Income",IF(E14<80000,"Middle Income",IF(E14<100000,"Upper Middle","High Income"))) -> Low Income | N14: =IF(F14<=3,"Poor",IF(F14<=6,"Average",IF(F14<=8,"Good","Excellent"))) -> Good | O14: =IF(G14<=3,"Poor",IF(G14<=6,"Average",IF(G14<=8,"Good","Excellent"))) -> Average | P14: =IF(H14<=5,"Low Frequency",IF(H14<=10,"Moderate",IF(H14<=15,"High","Very High"))) -> High | Q14: =IF(K14>=90,"Highly Satisfied",IF(K14>=75,"Satisfied",IF(K14>=60,"Neutral","Dissatisfied"))) -> Satisfied | R14: =UPPER(LEFT(TRIM(J14),1))&LOWER(MID(TRIM(J14),2,100)) -> Silver | S14: =IF(I14="High","Positive",IF(I14="Medium","Neutral","Negative")) -> Neutral | T14: =IF(AND(E14>=80000,H14>=15),"Premium",IF(AND(E14>=50000,H14>=10),"Standard","Basic")) -> Basic | U14: =IF(AND(F14>=7,G14>=7),"High Quality Experience","Review Needed") -> Review Needed | V14: =IF(H14>=10,"Repeat Buyer","Occasional Buyer") -> Repeat Buyer | W14: =IF(AND(K14<70,I14="Low"),"At Risk","Stable") -> Stable | X14: =IF(AND(K14<75,I14="Low",J14="Bronze"),"Priority Followup","No Action") -> No Action
... A502: 500 | B502: 18 | C502: Female | D502: Germany | E502: 94694 | F502: 9 | G502: 8 | H502: 14 | I502: High | J502: Bronze | K502: 100 | L502: =IF(B502<25,"Gen Z",IF(B502<40,"Millennial",IF(B502<55,"Gen X","Baby Boomer"))) -> Gen Z | M502: =IF(E502<50000,"Low Income",IF(E502<80000,"Middle Income",IF(E502<100000,"Upper Middle","High Income"))) -> Upper Middle | N502: =IF(F502<=3,"Poor",IF(F502<=6,"Average",IF(F502<=8,"Good","Excellent"))) -> Excellent | O502: =IF(G502<=3,"Poor",IF(G502<=6,"Average",IF(G502<=8,"Good","Excellent"))) -> Good | P502: =IF(H502<=5,"Low Frequency",IF(H502<=10,"Moderate",IF(H502<=15,"High","Very High"))) -> High | Q502: =IF(K502>=90,"Highly Satisfied",IF(K502>=75,"Satisfied",IF(K502>=60,"Neutral","Dissatisfied"))) -> Highly Satisfied | R502: =UPPER(LEFT(TRIM(J502),1))&LOWER(MID(TRIM(J502),2,100)) -> Bronze | S502: =IF(I502="High","Positive",IF(I502="Medium","Neutral","Negative")) -> Positive | T502: =IF(AND(E502>=80000,H502>=15),"Premium",IF(AND(E502>=50000,H502>=10),"Standard","Basic")) -> Standard | U502: =IF(AND(F502>=7,G502>=7),"High Quality Experience","Review Needed") -> High Quality Experience | V502: =IF(H502>=10,"Repeat Buyer","Occasional Buyer") -> Repeat Buyer | W502: =IF(AND(K502<70,I502="Low"),"At Risk","Stable") -> Stable | X502: =IF(AND(K502<75,I502="Low",J502="Bronze"),"Priority Followup","No Action") -> No Action

Sheet KPI_Calculations
A1: KPI CALCULATIONS — Customer Feedback & Satisfaction Dashboard
A3: KPI Name | B3: Business Meaning | C3: Source Column | D3: Formula | E3: Calculated Value | F3: Format
A4: Total Customers | B4: Total unique customers in dataset | C4: CustomerID (A) | D4: =COUNTA(Cleaned_Data!A3:A502) -> 500 | E4: =COUNTA(Cleaned_Data!A3:A502) -> 500 | F4: Number
A5: Avg Satisfaction Score | B5: Mean satisfaction score (0-100) | C5: SatisfactionScore (K) | D5: =AVERAGE(Cleaned_Data!K3:K502) -> 87.70032 | E5: =AVERAGE(Cleaned_Data!K3:K502) -> 87.70032 | F5: 0.00
A6: Avg Product Quality | B6: Avg product quality rating (1-10) | C6: ProductQuality (F) | D6: =AVERAGE(Cleaned_Data!F3:F502) -> 5.606 | E6: =AVERAGE(Cleaned_Data!F3:F502) -> 5.606 | F6: 0.00
A7: Avg Service Quality | B7: Avg service quality rating (1-10) | C7: ServiceQuality (G) | D7: =AVERAGE(Cleaned_Data!G3:G502) -> 5.738 | E7: =AVERAGE(Cleaned_Data!G3:G502) -> 5.738 | F7: 0.00
A8: Avg Purchase Frequency | B8: Avg purchases per customer | C8: PurchaseFrequency (H) | D8: =AVERAGE(Cleaned_Data!H3:H502) -> 10.568 | E8: =AVERAGE(Cleaned_Data!H3:H502) -> 10.568 | F8: 0.0
A9: Positive Feedback Count | B9: Customers with High FeedbackScore | C9: FeedbackScore (I) | D9: =COUNTIF(Cleaned_Data!I3:I502,"High") -> 174 | E9: =COUNTIF(Cleaned_Data!I3:I502,"High") -> 174 | F9: Number
A10: Neutral Feedback Count | B10: Customers with Medium FeedbackScore | C10: FeedbackScore (I) | D10: =COUNTIF(Cleaned_Data!I3:I502,"Medium") -> 166 | E10: =COUNTIF(Cleaned_Data!I3:I502,"Medium") -> 166 | F10: Number
A11: Negative Feedback Count | B11: Customers with Low FeedbackScore | C11: FeedbackScore (I) | D11: =COUNTIF(Cleaned_Data!I3:I502,"Low") -> 160 | E11: =COUNTIF(Cleaned_Data!I3:I502,"Low") -> 160 | F11: Number
A12: Gold Loyalty Customers | B12: Customers with Gold loyalty level | C12: LoyaltyLevel (J) | D12: =COUNTIF(Cleaned_Data!J3:J502,"Gold") -> 171 | E12: =COUNTIF(Cleaned_Data!J3:J502,"Gold") -> 171 | F12: Number
A13: Silver Loyalty Customers | B13: Customers with Silver loyalty level | C13: LoyaltyLevel (J) | D13: =COUNTIF(Cleaned_Data!J3:J502,"Silver") -> 176 | E13: =COUNTIF(Cleaned_Data!J3:J502,"Silver") -> 176 | F13: Number
A14: Bronze Loyalty Customers | B14: Customers with Bronze loyalty level | C14: LoyaltyLevel (J) | D14: =COUNTIF(Cleaned_Data!J3:J502,"Bronze") -> 153 | E14: =COUNTIF(Cleaned_Data!J3:J502,"Bronze") -> 153 | F14: Number
A15: At-Risk Customers | B15: SatisfactionScore<70 AND FeedbackScore=Low | C15: At_Risk_Flag (W) | D15: =COUNTIF(Cleaned_Data!W3:W502,"At Risk") -> 20 | E15: =COUNTIF(Cleaned_Data!W3:W502,"At Risk") -> 20 | F15: Number
A16: Avg Customer Income | B16: Average annual income ($) | C16: Income (E) | D16: =AVERAGE(Cleaned_Data!E3:E502) -> 75537.292 | E16: =AVERAGE(Cleaned_Data!E3:E502) -> 75537.292 | F16: Currency
A17: Customer Satisfaction Rate | B17: % customers with Score >= 75 | C17: SatisfactionScore (K) | D17: =COUNTIF(Cleaned_Data!K3:K502,">=75")/COUNTA(Cleaned_Data!A3:A502) -> 0.812 | E17: =COUNTIF(Cleaned_Data!K3:K502,">=75")/COUNTA(Cleaned_Data!A3:A502) -> 0.812 | F17: Percentage
A18: Priority Follow-Up Count | B18: Bronze + Low Score + Low Feedback | C18: Priority_Followup_Flag (X) | D18: =COUNTIF(Cleaned_Data!X3:X502,"Priority Followup") -> 4 | E18: =COUNTIF(Cleaned_Data!X3:X502,"Priority Followup") -> 4 | F18: Number
A19: Highly Satisfied Customers | B19: SatisfactionScore >= 90 | C19: SatisfactionScore (K) | D19: =COUNTIF(Cleaned_Data!K3:K502,">=90") -> 290 | E19: =COUNTIF(Cleaned_Data!K3:K502,">=90") -> 290 | F19: Number
A20: Dissatisfied Customers | B20: SatisfactionScore < 60 | C20: SatisfactionScore (K) | D20: =COUNTIF(Cleaned_Data!K3:K502,"<60") -> 39 | E20: =COUNTIF(Cleaned_Data!K3:K502,"<60") -> 39 | F20: Number
A21: Repeat Buyers | B21: PurchaseFrequency >= 10 (Repeat_Purchase_Flag) | C21: Repeat_Purchase_Flag (V) | D21: =COUNTIF(Cleaned_Data!V3:V502,"Repeat Buyer") -> 281 | E21: =COUNTIF(Cleaned_Data!V3:V502,"Repeat Buyer") -> 281 | F21: Number
A22: High Quality Experience | B22: Both ProductQuality & ServiceQuality >= 7 | C22: Quality_Exp_Flag (U) | D22: =COUNTIF(Cleaned_Data!U3:U502,"High Quality Experience") -> 76 | E22: =COUNTIF(Cleaned_Data!U3:U502,"High Quality Experience") -> 76 | F22: Number
A23: Premium Customers | B23: High income + High purchase frequency | C23: Customer_Value_Segment (T) | D23: =COUNTIF(Cleaned_Data!T3:T502,"Premium") -> 63 | E23: =COUNTIF(Cleaned_Data!T3:T502,"Premium") -> 63 | F23: Number
A24: Positive Feedback Rate | B24: % customers with High FeedbackScore | C24: FeedbackScore (I) | D24: =COUNTIF(Cleaned_Data!I3:I502,"High")/COUNTA(Cleaned_Data!A3:A502) -> 0.348 | E24: =COUNTIF(Cleaned_Data!I3:I502,"High")/COUNTA(Cleaned_Data!A3:A502) -> 0.348 | F24: Percentage
A25: Negative Feedback Rate | B25: % customers with Low FeedbackScore | C25: FeedbackScore (I) | D25: =COUNTIF(Cleaned_Data!I3:I502,"Low")/COUNTA(Cleaned_Data!A3:A502) -> 0.32 | E25: =COUNTIF(Cleaned_Data!I3:I502,"Low")/COUNTA(Cleaned_Data!A3:A502) -> 0.32 | F25: Percentage

Sheet Pivot_Tables
A1: PIVOT TABLES — Customer Feedback & Satisfaction Dashboard
A3: PT1: Avg Satisfaction Score by Country | F3: PT2: Satisfaction by Loyalty Level | J3: PT3: Product & Service Quality by Country
A4: Country | B4: Customer Count | C4: Avg Satisfaction | D4: Avg Income | F4: Loyalty Level | G4: Count | H4: Avg Satisfaction | J4: Country | K4: Avg Prod Quality | L4: Avg Svc Quality | M4: Avg Satisfaction
A5: Canada | B5: 112 | C5: 87.38 | D5: 80148 | F5: Bronze | G5: 153 | H5: 90.29 | J5: Canada | K5: 5.67 | L5: 5.41 | M5: 87.38
A6: France | B6: 95 | C6: 88.87 | D6: 75837 | F6: Gold | G6: 171 | H6: 87.52 | J6: France | K6: 5.62 | L6: 5.96 | M6: 88.87
A7: Germany | B7: 94 | C7: 88.42 | D7: 74270 | F7: Silver | G7: 176 | H7: 85.63 | J7: Germany | K7: 5.64 | L7: 5.9 | M7: 88.42
A8: UK | B8: 83 | C8: 87.91 | D8: 70795 | J8: UK | K8: 5.67 | L8: 5.88 | M8: 87.91
A9: USA | B9: 116 | C9: 86.32 | D9: 75261 | J9: USA | K9: 5.46 | L9: 5.64 | M9: 86.32
A14: PT4: Feedback Distribution by Country | G14: PT5: Satisfaction by Gender | K14: PT6: At-Risk Customers by Country
A15: Country | B15: High | C15: Medium | D15: Low | E15: Total | G15: Gender | H15: Count | I15: Avg Satisfaction | K15: Country | L15: Total | M15: At-Risk | N15: At-Risk %
A16: Canada | B16: 33 | C16: 43 | D16: 36 | E16: 112 | G16: Female | H16: 223 | I16: 86.78 | K16: Canada | L16: 112 | M16: 3 | N16: 2.7%
A17: France | B17: 35 | C17: 38 | D17: 22 | E17: 95 | G17: Male | H17: 277 | I17: 88.44 | K17: France | L17: 95 | M17: 2 | N17: 2.1%
A18: Germany | B18: 37 | C18: 28 | D18: 29 | E18: 94 | K18: Germany | L18: 94 | M18: 3 | N18: 3.2%
A19: UK | B19: 29 | C19: 22 | D19: 32 | E19: 83 | K19: UK | L19: 83 | M19: 5 | N19: 6.0%
A20: USA | B20: 40 | C20: 35 | D20: 41 | E20: 116 | K20: USA | L20: 116 | M20: 7 | N20: 6.0%
A24: PT7: Satisfaction by Purchase Frequency Band | F24: PT8: Income Band vs Loyalty Level
A25: Frequency Band | B25: Count | C25: Avg Satisfaction | D25: Avg Income | F25: Income Band | G25: Bronze | H25: Gold | I25: Silver | J25: Total
A26: Low(1-5) | B26: 123 | C26: 86.3 | D26: 74590 | F26: Low(<50K) | G26: 28 | H26: 43 | I26: 40 | J26: 111
A27: Moderate(6-10) | B27: 116 | C27: 87.69 | D27: 75033 | F27: Middle(50-80K) | G27: 54 | H27: 58 | I27: 62 | J27: 174
A28: High(11-15) | B28: 136 | C28: 87.46 | D28: 78523 | F28: UpperMid(80-100K) | G28: 33 | H28: 34 | I28: 30 | J28: 97
A29: Very High(16-20) | B29: 125 | C29: 89.35 | D29: 73688 | F29: High(>100K) | G29: 38 | H29: 36 | I29: 44 | J29: 118

Sheet Dashboard
A1: CUSTOMER FEEDBACK & SATISFACTION DASHBOARD
A3: Customer Experience Analytics | 500 Customers | USA | UK | Canada | France | Germany | 3 Loyalty Tiers | Microsoft Excel
A6: =KPI_Calculations!E4 -> 500 | D6: =KPI_Calculations!E5 -> 87.70032 | G6: =KPI_Calculations!E6 -> 5.606 | J6: =KPI_Calculations!E8 -> 10.568 | M6: =KPI_Calculations!E12 -> 171 | P6: =KPI_Calculations!E9 -> 174
A7: Total Customers | D7: Avg Satisfaction Score | G7: Positive Feedback | J7: Negative Feedback | M7: At-Risk Customers | P7: Gold Loyalty Customers
A11: =KPI_Calculations!E7 -> 5.738 | D11: =KPI_Calculations!E8 -> 10.568 | G11: =KPI_Calculations!E14 -> 153 | J11: =KPI_Calculations!E18 -> 4 | M11: =KPI_Calculations!E15 -> 20 | P11: =KPI_Calculations!E20 -> 39
A12: Avg Product Quality | D12: Avg Service Quality | G12: Customer Satisfaction Rate | J12: Repeat Buyers | M12: Priority Follow-Up | P12: Premium Customers
A15: SATISFACTION BY COUNTRY | G15: PRODUCT & SERVICE QUALITY | M15: LOYALTY DISTRIBUTION
A33: FEEDBACK SENTIMENT BY COUNTRY | G33: AT-RISK CUSTOMER ANALYSIS | M33: SATISFACTION BY PURCHASE FREQUENCY
A51: Data Source: Cleaned_Data | KPIs: KPI_Calculations Sheet | Charts: Pivot_Tables Sheet | 500 Customers | 5 Countries | Microsoft Excel Portfolio Project
